OrderID,OrderDate,Restaurant,City,Cuisine,Item,Quantity,UnitPrice,Discount,DeliveryTimeMins,CustomerRating,TotalAmount
10001,2023-01-01 00:00:00,Urban Biryani,Hyderabad,Chinese,Roll,4,161,0,50,3.2,644.0
10002,2023-01-01 06:00:00,Pizza Palace,Chennai,Mughlai,Pizza,5,183,20,40,4.3,732.0
10003,2023-01-01 12:00:00,Tandoori Treats,Kolkata,Mughlai,Roll,3,467,20,43,2.8,1120.8
10004,2023-01-01 18:00:00,Tandoori Treats,Delhi,Italian,Chai,5,316,30,35,3.6,1106.0
10005,2023-01-02 00:00:00,Café Chai,Mumbai,Chinese,Roll,5,441,10,25,3.1,1984.5
10006,2023-01-02 06:00:00,Bombay Tiffin,Mumbai,Fast Food,Momos,2,496,20,54,3.9,793.6
10007,2023-01-02 12:00:00,Tandoori Treats,Hyderabad,Mughlai,Pasta,3,286,20,25,1.3,686.4000000000001
10008,2023-01-02 18:00:00,Pizza Palace,Kolkata,Mughlai,Momos,3,118,10,50,1.2,318.6
10009,2023-01-03 00:00:00,Urban Biryani,Kolkata,Cafe,Pizza,3,276,20,53,2.0,662.4000000000001
10010,2023-01-03 06:00:00,Café Chai,Chennai,Cafe,Roll,5,199,0,54,1.6,995.0
10011,2023-01-03 12:00:00,Café Chai,Bangalore,Mughlai,Burger,4,495,0,49,4.5,1980.0
10012,2023-01-03 18:00:00,South Feast,Delhi,Italian,Fries,3,332,10,48,1.9,896.4
10013,2023-01-04 00:00:00,Café Chai,Pune,Italian,Biryani,5,175,30,38,4.9,612.5
10014,2023-01-04 06:00:00,Wrap Street,Chennai,North Indian,Momos,2,364,30,36,2.3,509.59999999999997
10015,2023-01-04 12:00:00,South Feast,Mumbai,Mughlai,Coffee,4,383,10,19,1.7,1378.8
10016,2023-01-04 18:00:00,Urban Biryani,Chennai,Chinese,Chai,2,305,10,47,4.2,549.0
10017,2023-01-05 00:00:00,Tandoori Treats,Kolkata,Italian,Coffee,4,322,0,50,3.6,1288.0
10018,2023-01-05 06:00:00,South Feast,Bangalore,Chinese,Roll,5,483,30,34,3.0,1690.5
10019,2023-01-05 12:00:00,Café Chai,Mumbai,North Indian,Pizza,1,151,20,33,3.2,120.80000000000001
10020,2023-01-05 18:00:00,Pizza Palace,Kolkata,Italian,Roll,4,438,0,49,3.9,1752.0
10021,2023-01-06 00:00:00,Wrap Street,Kolkata,Fast Food,Biryani,2,466,10,57,1.9,838.8000000000001
10022,2023-01-06 06:00:00,South Feast,Bangalore,Italian,Chai,5,243,30,31,5.0,850.5
10023,2023-01-06 12:00:00,Wrap Street,Chennai,Chinese,Burger,4,472,20,59,4.9,1510.4
10024,2023-01-06 18:00:00,South Feast,Chennai,South Indian,Roll,1,168,20,57,3.6,134.4
10025,2023-01-07 00:00:00,Café Chai,Mumbai,South Indian,Momos,1,198,0,48,1.8,198.0
10026,2023-01-07 06:00:00,Wrap Street,Kolkata,North Indian,Pizza,3,495,30,23,3.7,1039.5
10027,2023-01-07 12:00:00,Tandoori Treats,Pune,South Indian,Burger,3,124,30,40,1.3,260.4
10028,2023-01-07 18:00:00,South Feast,Hyderabad,Fast Food,Pasta,2,478,10,16,1.1,860.4
10029,2023-01-08 00:00:00,Bombay Tiffin,Bangalore,Chinese,Roll,4,152,30,23,2.0,425.59999999999997
10030,2023-01-08 06:00:00,Tandoori Treats,Pune,Mughlai,Fries,4,250,30,23,2.9,700.0
10031,2023-01-08 12:00:00,Pizza Palace,Chennai,Mughlai,Momos,3,243,0,54,4.5,729.0
10032,2023-01-08 18:00:00,Pizza Palace,Hyderabad,Cafe,Pizza,4,156,30,31,3.9,436.79999999999995
10033,2023-01-09 00:00:00,Wrap Street,Chennai,Chinese,Roll,4,138,20,15,4.0,441.6
10034,2023-01-09 06:00:00,Tandoori Treats,Mumbai,North Indian,Roll,1,208,0,39,2.7,208.0
10035,2023-01-09 12:00:00,Café Chai,Pune,South Indian,Chai,3,280,0,57,2.4,840.0
10036,2023-01-09 18:00:00,Tandoori Treats,Pune,Fast Food,Pasta,5,141,10,54,2.5,634.5
10037,2023-01-10 00:00:00,South Feast,Delhi,North Indian,Roll,3,285,30,56,5.0,598.5
10038,2023-01-10 06:00:00,Pizza Palace,Pune,Fast Food,Fries,5,497,10,39,1.2,2236.5
10039,2023-01-10 12:00:00,South Feast,Delhi,Mughlai,Pizza,1,322,20,53,4.5,257.6
10040,2023-01-10 18:00:00,Café Chai,Pune,South Indian,Biryani,2,221,0,49,3.3,442.0
10041,2023-01-11 00:00:00,Wrap Street,Hyderabad,South Indian,Burger,4,232,0,17,2.8,928.0
10042,2023-01-11 06:00:00,Bombay Tiffin,Bangalore,Fast Food,Roll,1,262,0,51,3.9,262.0
10043,2023-01-11 12:00:00,South Feast,Kolkata,South Indian,Burger,4,314,20,58,2.9,1004.8000000000001
10044,2023-01-11 18:00:00,Tandoori Treats,Hyderabad,South Indian,Burger,2,320,20,58,4.5,512.0
10045,2023-01-12 00:00:00,Café Chai,Chennai,Italian,Fries,2,334,10,44,4.6,601.2
10046,2023-01-12 06:00:00,Bombay Tiffin,Chennai,Cafe,Biryani,1,430,10,52,2.7,387.0
10047,2023-01-12 12:00:00,Café Chai,Delhi,Cafe,Coffee,2,245,10,48,2.1,441.0
10048,2023-01-12 18:00:00,Urban Biryani,Pune,North Indian,Roll,5,338,30,26,3.4,1183.0
10049,2023-01-13 00:00:00,Café Chai,Hyderabad,Italian,Roll,2,175,0,33,4.6,350.0
10050,2023-01-13 06:00:00,Café Chai,Mumbai,South Indian,Pasta,4,108,0,51,1.8,432.0
10051,2023-01-13 12:00:00,Café Chai,Hyderabad,North Indian,Roll,4,173,10,58,3.5,622.8000000000001
10052,2023-01-13 18:00:00,Café Chai,Bangalore,South Indian,Momos,4,352,0,31,3.5,1408.0
10053,2023-01-14 00:00:00,Bombay Tiffin,Mumbai,Italian,Pizza,4,329,10,24,3.9,1184.4
10054,2023-01-14 06:00:00,Tandoori Treats,Bangalore,Italian,Burger,5,106,30,26,1.5,371.0
10055,2023-01-14 12:00:00,Wrap Street,Pune,Mughlai,Burger,3,273,30,30,3.9,573.3
10056,2023-01-14 18:00:00,Café Chai,Hyderabad,Chinese,Pizza,1,240,20,38,4.6,192.0
10057,2023-01-15 00:00:00,Pizza Palace,Chennai,Chinese,Burger,4,267,30,33,1.7,747.5999999999999
10058,2023-01-15 06:00:00,Tandoori Treats,Chennai,Italian,Pizza,2,269,10,22,2.0,484.2
10059,2023-01-15 12:00:00,South Feast,Chennai,North Indian,Pizza,4,492,30,45,4.9,1377.6
10060,2023-01-15 18:00:00,Bombay Tiffin,Delhi,Mughlai,Coffee,2,382,20,35,1.7,611.2
10061,2023-01-16 00:00:00,Tandoori Treats,Mumbai,South Indian,Pizza,2,221,0,31,4.4,442.0
10062,2023-01-16 06:00:00,Wrap Street,Pune,South Indian,Pasta,4,293,10,37,3.0,1054.8
10063,2023-01-16 12:00:00,Pizza Palace,Mumbai,Cafe,Pizza,5,104,0,51,2.0,520.0
10064,2023-01-16 18:00:00,Café Chai,Kolkata,Mughlai,Biryani,2,128,20,30,4.5,204.8
10065,2023-01-17 00:00:00,Bombay Tiffin,Bangalore,South Indian,Momos,2,264,20,20,2.8,422.40000000000003
10066,2023-01-17 06:00:00,Café Chai,Chennai,Fast Food,Coffee,4,438,20,22,3.1,1401.6000000000001
10067,2023-01-17 12:00:00,Café Chai,Delhi,Chinese,Pizza,2,235,0,39,2.4,470.0
10068,2023-01-17 18:00:00,Pizza Palace,Pune,Fast Food,Biryani,2,464,0,32,3.4,928.0
10069,2023-01-18 00:00:00,Café Chai,Delhi,Cafe,Pasta,4,420,0,39,1.7,1680.0
10070,2023-01-18 06:00:00,Café Chai,Mumbai,Chinese,Coffee,4,441,0,26,2.6,1764.0
10071,2023-01-18 12:00:00,South Feast,Hyderabad,Mughlai,Momos,1,244,20,29,4.9,195.20000000000002
10072,2023-01-18 18:00:00,Wrap Street,Hyderabad,Cafe,Momos,5,426,20,40,2.0,1704.0
10073,2023-01-19 00:00:00,Urban Biryani,Kolkata,Cafe,Coffee,5,316,10,55,3.6,1422.0
10074,2023-01-19 06:00:00,Bombay Tiffin,Delhi,Fast Food,Roll,2,400,10,59,2.3,720.0
10075,2023-01-19 12:00:00,Wrap Street,Chennai,Fast Food,Biryani,5,231,0,40,4.1,1155.0
10076,2023-01-19 18:00:00,Café Chai,Mumbai,South Indian,Chai,2,391,30,46,1.5,547.4
10077,2023-01-20 00:00:00,Café Chai,Delhi,Mughlai,Fries,1,169,30,24,4.9,118.3
10078,2023-01-20 06:00:00,Wrap Street,Mumbai,Chinese,Fries,4,351,20,30,2.8,1123.2
10079,2023-01-20 12:00:00,South Feast,Hyderabad,Cafe,Pizza,4,374,20,21,1.9,1196.8
10080,2023-01-20 18:00:00,Wrap Street,Hyderabad,Fast Food,Biryani,4,463,20,31,1.3,1481.6000000000001
10081,2023-01-21 00:00:00,Urban Biryani,Bangalore,South Indian,Fries,5,281,10,37,1.7,1264.5
10082,2023-01-21 06:00:00,Pizza Palace,Chennai,Cafe,Chai,1,266,10,40,3.1,239.4
10083,2023-01-21 12:00:00,Tandoori Treats,Hyderabad,Fast Food,Pasta,5,190,20,35,2.3,760.0
10084,2023-01-21 18:00:00,Wrap Street,Hyderabad,North Indian,Biryani,5,301,20,36,4.3,1204.0
10085,2023-01-22 00:00:00,Urban Biryani,Kolkata,Italian,Biryani,1,445,20,21,2.7,356.0
10086,2023-01-22 06:00:00,Café Chai,Delhi,Cafe,Pasta,1,118,30,28,2.0,82.6
10087,2023-01-22 12:00:00,Urban Biryani,Kolkata,Cafe,Coffee,1,138,10,29,3.5,124.2
10088,2023-01-22 18:00:00,South Feast,Delhi,Chinese,Burger,1,225,30,21,3.8,157.5
10089,2023-01-23 00:00:00,Tandoori Treats,Hyderabad,North Indian,Pizza,4,272,30,23,1.7,761.5999999999999
10090,2023-01-23 06:00:00,Café Chai,Mumbai,South Indian,Burger,3,240,20,22,1.7,576.0
10091,2023-01-23 12:00:00,South Feast,Kolkata,South Indian,Roll,3,341,20,37,1.1,818.4000000000001
10092,2023-01-23 18:00:00,Pizza Palace,Mumbai,Fast Food,Burger,1,319,0,43,3.9,319.0
10093,2023-01-24 00:00:00,Bombay Tiffin,Mumbai,North Indian,Pizza,3,225,0,32,3.7,675.0
10094,2023-01-24 06:00:00,Wrap Street,Chennai,Chinese,Burger,3,157,30,45,2.9,329.7
10095,2023-01-24 12:00:00,Pizza Palace,Kolkata,North Indian,Roll,1,247,10,44,4.4,222.3
10096,2023-01-24 18:00:00,Wrap Street,Pune,Chinese,Chai,3,416,20,53,4.2,998.4000000000001
10097,2023-01-25 00:00:00,Wrap Street,Chennai,Mughlai,Biryani,5,482,20,49,3.3,1928.0
10098,2023-01-25 06:00:00,South Feast,Chennai,Italian,Coffee,2,460,30,32,4.5,644.0
10099,2023-01-25 12:00:00,Tandoori Treats,Kolkata,Cafe,Roll,2,100,0,56,1.8,200.0
10100,2023-01-25 18:00:00,Urban Biryani,Mumbai,South Indian,Coffee,1,486,10,53,1.4,437.40000000000003
10101,2023-01-26 00:00:00,Tandoori Treats,Delhi,Fast Food,Chai,4,447,0,31,2.1,1788.0
10102,2023-01-26 06:00:00,Bombay Tiffin,Mumbai,Cafe,Burger,1,289,0,28,1.2,289.0
10103,2023-01-26 12:00:00,Wrap Street,Hyderabad,Italian,Burger,4,290,0,45,3.1,1160.0
10104,2023-01-26 18:00:00,Tandoori Treats,Pune,Mughlai,Momos,2,468,0,38,4.7,936.0
10105,2023-01-27 00:00:00,Bombay Tiffin,Mumbai,Fast Food,Momos,1,411,20,49,1.2,328.8
10106,2023-01-27 06:00:00,Wrap Street,Pune,Mughlai,Pizza,5,216,20,58,1.5,864.0
10107,2023-01-27 12:00:00,Pizza Palace,Hyderabad,Chinese,Pizza,3,233,0,59,2.8,699.0
10108,2023-01-27 18:00:00,Café Chai,Mumbai,Chinese,Burger,4,157,10,48,4.7,565.2
10109,2023-01-28 00:00:00,South Feast,Pune,Cafe,Chai,3,143,30,17,2.3,300.29999999999995
10110,2023-01-28 06:00:00,Pizza Palace,Chennai,Italian,Roll,3,272,10,51,3.0,734.4
10111,2023-01-28 12:00:00,South Feast,Hyderabad,Cafe,Pizza,1,259,10,57,1.2,233.1
10112,2023-01-28 18:00:00,Urban Biryani,Delhi,North Indian,Burger,3,272,10,54,1.6,734.4
10113,2023-01-29 00:00:00,Pizza Palace,Bangalore,South Indian,Pasta,5,416,0,40,4.9,2080.0
10114,2023-01-29 06:00:00,Urban Biryani,Chennai,Mughlai,Pasta,3,402,20,37,4.9,964.8000000000001
10115,2023-01-29 12:00:00,South Feast,Bangalore,North Indian,Momos,1,248,10,58,1.0,223.20000000000002
10116,2023-01-29 18:00:00,Wrap Street,Mumbai,South Indian,Coffee,5,179,0,53,4.8,895.0
10117,2023-01-30 00:00:00,South Feast,Bangalore,Italian,Coffee,2,473,10,29,3.6,851.4
10118,2023-01-30 06:00:00,South Feast,Delhi,Italian,Chai,3,312,10,18,4.5,842.4
10119,2023-01-30 12:00:00,Pizza Palace,Mumbai,North Indian,Biryani,1,302,0,43,2.8,302.0
10120,2023-01-30 18:00:00,Tandoori Treats,Delhi,Chinese,Pizza,2,351,20,36,3.1,561.6
10121,2023-01-31 00:00:00,Pizza Palace,Kolkata,Italian,Pasta,2,328,20,39,3.0,524.8000000000001
10122,2023-01-31 06:00:00,Wrap Street,Pune,North Indian,Burger,4,263,30,27,3.7,736.4
10123,2023-01-31 12:00:00,Wrap Street,Chennai,Cafe,Pasta,5,326,0,32,1.6,1630.0
10124,2023-01-31 18:00:00,Tandoori Treats,Pune,Italian,Fries,3,246,30,47,1.1,516.6
10125,2023-02-01 00:00:00,Tandoori Treats,Delhi,Fast Food,Fries,1,119,30,30,2.2,83.3
10126,2023-02-01 06:00:00,Café Chai,Pune,North Indian,Roll,4,146,30,59,3.8,408.79999999999995
10127,2023-02-01 12:00:00,Café Chai,Bangalore,Italian,Biryani,5,332,20,56,1.8,1328.0
10128,2023-02-01 18:00:00,Tandoori Treats,Mumbai,Italian,Burger,4,404,0,58,3.7,1616.0
10129,2023-02-02 00:00:00,Wrap Street,Chennai,North Indian,Pasta,5,113,30,16,4.9,395.5
10130,2023-02-02 06:00:00,Pizza Palace,Hyderabad,Italian,Pizza,5,242,0,49,1.4,1210.0
10131,2023-02-02 12:00:00,Wrap Street,Mumbai,Chinese,Roll,3,100,0,56,3.7,300.0
10132,2023-02-02 18:00:00,Urban Biryani,Hyderabad,Cafe,Fries,5,472,20,48,2.8,1888.0
10133,2023-02-03 00:00:00,Wrap Street,Kolkata,South Indian,Biryani,4,153,30,44,4.5,428.4
10134,2023-02-03 06:00:00,South Feast,Kolkata,Mughlai,Burger,5,473,30,27,1.7,1655.5
10135,2023-02-03 12:00:00,Pizza Palace,Chennai,Fast Food,Burger,3,358,0,27,3.8,1074.0
10136,2023-02-03 18:00:00,Wrap Street,Bangalore,Mughlai,Fries,3,243,10,32,4.4,656.1
10137,2023-02-04 00:00:00,Urban Biryani,Pune,Cafe,Roll,4,111,20,46,4.8,355.20000000000005
10138,2023-02-04 06:00:00,Pizza Palace,Kolkata,Fast Food,Pasta,2,429,20,46,3.7,686.4000000000001
10139,2023-02-04 12:00:00,South Feast,Delhi,Cafe,Burger,2,323,20,49,3.0,516.8000000000001
10140,2023-02-04 18:00:00,Urban Biryani,Delhi,Mughlai,Pasta,5,371,20,53,3.5,1484.0
10141,2023-02-05 00:00:00,Bombay Tiffin,Hyderabad,Cafe,Roll,1,457,30,43,4.5,319.9
10142,2023-02-05 06:00:00,Pizza Palace,Bangalore,South Indian,Momos,5,255,30,43,3.3,892.5
10143,2023-02-05 12:00:00,Bombay Tiffin,Hyderabad,Italian,Chai,4,472,10,58,1.1,1699.2
10144,2023-02-05 18:00:00,Café Chai,Pune,Cafe,Pasta,4,107,20,30,4.7,342.40000000000003
10145,2023-02-06 00:00:00,Tandoori Treats,Pune,Fast Food,Burger,4,221,20,58,3.8,707.2
10146,2023-02-06 06:00:00,Café Chai,Delhi,North Indian,Pasta,4,447,0,24,3.7,1788.0
10147,2023-02-06 12:00:00,Pizza Palace,Pune,Cafe,Coffee,4,263,30,44,1.9,736.4
10148,2023-02-06 18:00:00,South Feast,Delhi,North Indian,Momos,3,189,20,39,3.6,453.6
10149,2023-02-07 00:00:00,Urban Biryani,Delhi,Fast Food,Momos,2,235,10,53,2.6,423.0
10150,2023-02-07 06:00:00,South Feast,Mumbai,Italian,Pasta,4,285,10,34,3.6,1026.0
10151,2023-02-07 12:00:00,Bombay Tiffin,Mumbai,Cafe,Pasta,1,415,30,19,1.4,290.5
10152,2023-02-07 18:00:00,South Feast,Chennai,Mughlai,Burger,1,277,10,15,3.6,249.3
10153,2023-02-08 00:00:00,Wrap Street,Mumbai,Cafe,Pasta,1,127,10,44,5.0,114.3
10154,2023-02-08 06:00:00,Wrap Street,Kolkata,Chinese,Biryani,1,319,30,17,1.2,223.29999999999998
10155,2023-02-08 12:00:00,Urban Biryani,Mumbai,Fast Food,Roll,3,456,20,59,4.9,1094.4
10156,2023-02-08 18:00:00,Café Chai,Delhi,Fast Food,Biryani,1,140,20,28,2.6,112.0
10157,2023-02-09 00:00:00,Bombay Tiffin,Pune,South Indian,Fries,4,327,10,44,4.5,1177.2
10158,2023-02-09 06:00:00,Wrap Street,Mumbai,North Indian,Coffee,5,291,10,18,4.1,1309.5
10159,2023-02-09 12:00:00,Pizza Palace,Bangalore,Chinese,Biryani,1,244,20,32,3.3,195.20000000000002
10160,2023-02-09 18:00:00,Urban Biryani,Kolkata,South Indian,Coffee,3,300,30,51,4.0,630.0
10161,2023-02-10 00:00:00,Bombay Tiffin,Hyderabad,Chinese,Pasta,3,311,10,39,4.5,839.7
10162,2023-02-10 06:00:00,Café Chai,Bangalore,Cafe,Burger,1,319,0,15,2.6,319.0
10163,2023-02-10 12:00:00,Pizza Palace,Hyderabad,Chinese,Roll,5,339,30,29,2.3,1186.5
10164,2023-02-10 18:00:00,Urban Biryani,Pune,South Indian,Roll,1,496,10,23,3.7,446.40000000000003
10165,2023-02-11 00:00:00,Bombay Tiffin,Hyderabad,Italian,Pasta,3,145,10,29,4.2,391.5
10166,2023-02-11 06:00:00,Wrap Street,Delhi,Italian,Pizza,2,134,0,38,4.0,268.0
10167,2023-02-11 12:00:00,Tandoori Treats,Hyderabad,Cafe,Roll,4,352,0,18,4.2,1408.0
10168,2023-02-11 18:00:00,Pizza Palace,Delhi,Cafe,Roll,3,489,20,26,2.7,1173.6000000000001
10169,2023-02-12 00:00:00,Wrap Street,Delhi,Chinese,Pizza,1,181,30,51,4.3,126.69999999999999
10170,2023-02-12 06:00:00,Bombay Tiffin,Bangalore,Cafe,Roll,4,470,30,51,1.5,1316.0
10171,2023-02-12 12:00:00,Urban Biryani,Pune,Italian,Burger,1,355,20,57,3.2,284.0
10172,2023-02-12 18:00:00,Wrap Street,Hyderabad,Cafe,Fries,1,296,30,20,1.0,207.2
10173,2023-02-13 00:00:00,Urban Biryani,Hyderabad,Chinese,Fries,2,402,30,53,2.3,562.8
10174,2023-02-13 06:00:00,Wrap Street,Chennai,North Indian,Pasta,4,109,30,38,2.5,305.2
10175,2023-02-13 12:00:00,Tandoori Treats,Delhi,Italian,Coffee,4,411,30,25,2.6,1150.8
10176,2023-02-13 18:00:00,Café Chai,Hyderabad,Chinese,Roll,2,385,30,27,3.8,539.0
10177,2023-02-14 00:00:00,Pizza Palace,Chennai,Cafe,Biryani,3,341,0,48,2.6,1023.0
10178,2023-02-14 06:00:00,Bombay Tiffin,Delhi,Chinese,Fries,1,350,30,39,2.8,244.99999999999997
10179,2023-02-14 12:00:00,Wrap Street,Kolkata,Italian,Momos,5,464,0,21,2.0,2320.0
10180,2023-02-14 18:00:00,Urban Biryani,Kolkata,Fast Food,Coffee,1,104,30,18,2.5,72.8
10181,2023-02-15 00:00:00,Bombay Tiffin,Pune,Italian,Momos,1,218,20,22,1.9,174.4
10182,2023-02-15 06:00:00,Urban Biryani,Pune,Mughlai,Pizza,3,388,10,34,1.3,1047.6000000000001
10183,2023-02-15 12:00:00,Bombay Tiffin,Kolkata,Italian,Chai,1,473,0,43,3.4,473.0
10184,2023-02-15 18:00:00,Wrap Street,Bangalore,Fast Food,Roll,2,164,30,59,3.7,229.6
10185,2023-02-16 00:00:00,Bombay Tiffin,Bangalore,South Indian,Chai,2,245,20,24,3.5,392.0
10186,2023-02-16 06:00:00,Tandoori Treats,Bangalore,North Indian,Pasta,4,323,10,57,2.9,1162.8
10187,2023-02-16 12:00:00,Café Chai,Kolkata,Cafe,Burger,5,338,0,48,2.5,1690.0
10188,2023-02-16 18:00:00,Bombay Tiffin,Chennai,Fast Food,Coffee,1,276,10,40,4.5,248.4
10189,2023-02-17 00:00:00,South Feast,Mumbai,Italian,Coffee,1,366,20,55,3.1,292.8
10190,2023-02-17 06:00:00,Urban Biryani,Delhi,Fast Food,Burger,3,440,0,17,2.9,1320.0
10191,2023-02-17 12:00:00,Urban Biryani,Chennai,South Indian,Burger,2,381,10,20,1.1,685.8000000000001
10192,2023-02-17 18:00:00,South Feast,Kolkata,Cafe,Pasta,5,162,30,19,2.4,567.0
10193,2023-02-18 00:00:00,Café Chai,Pune,Fast Food,Roll,4,316,0,19,2.5,1264.0
10194,2023-02-18 06:00:00,Pizza Palace,Kolkata,South Indian,Coffee,2,441,10,37,2.6,793.8000000000001
10195,2023-02-18 12:00:00,Urban Biryani,Pune,Mughlai,Fries,4,414,20,23,3.3,1324.8000000000002
10196,2023-02-18 18:00:00,Café Chai,Pune,Italian,Pasta,3,382,20,49,3.1,916.8000000000001
10197,2023-02-19 00:00:00,Café Chai,Chennai,Chinese,Coffee,3,276,0,34,3.4,828.0
10198,2023-02-19 06:00:00,Wrap Street,Pune,Italian,Pasta,1,197,10,56,4.1,177.3
10199,2023-02-19 12:00:00,Café Chai,Bangalore,Italian,Momos,5,204,0,49,4.3,1020.0
10200,2023-02-19 18:00:00,Tandoori Treats,Pune,Cafe,Coffee,4,198,0,32,3.9,792.0
10201,2023-02-20 00:00:00,South Feast,Bangalore,Mughlai,Roll,2,484,10,31,4.8,871.2
10202,2023-02-20 06:00:00,Pizza Palace,Hyderabad,Chinese,Fries,3,410,10,38,1.1,1107.0
10203,2023-02-20 12:00:00,Café Chai,Pune,Fast Food,Roll,1,105,30,17,1.8,73.5
10204,2023-02-20 18:00:00,South Feast,Bangalore,North Indian,Fries,1,296,10,46,1.0,266.40000000000003
10205,2023-02-21 00:00:00,Wrap Street,Mumbai,Cafe,Chai,4,450,20,49,3.6,1440.0
10206,2023-02-21 06:00:00,Urban Biryani,Kolkata,North Indian,Pizza,3,232,0,52,4.6,696.0
10207,2023-02-21 12:00:00,Urban Biryani,Bangalore,Chinese,Chai,5,457,0,27,2.0,2285.0
10208,2023-02-21 18:00:00,Urban Biryani,Hyderabad,Cafe,Pasta,3,358,20,39,4.7,859.2
10209,2023-02-22 00:00:00,Bombay Tiffin,Mumbai,Chinese,Chai,4,122,10,23,1.2,439.2
10210,2023-02-22 06:00:00,Urban Biryani,Chennai,Italian,Roll,4,152,20,18,4.7,486.40000000000003
10211,2023-02-22 12:00:00,Wrap Street,Pune,South Indian,Momos,3,264,20,28,2.4,633.6
10212,2023-02-22 18:00:00,South Feast,Delhi,Italian,Burger,4,301,30,51,1.4,842.8
10213,2023-02-23 00:00:00,South Feast,Chennai,Cafe,Fries,3,182,20,48,2.9,436.8
10214,2023-02-23 06:00:00,South Feast,Pune,North Indian,Pasta,2,244,0,25,2.0,488.0
10215,2023-02-23 12:00:00,Pizza Palace,Delhi,Chinese,Coffee,3,184,20,55,2.1,441.6
10216,2023-02-23 18:00:00,Bombay Tiffin,Hyderabad,Mughlai,Pizza,3,177,0,17,2.2,531.0
10217,2023-02-24 00:00:00,Café Chai,Bangalore,Mughlai,Fries,4,465,0,42,4.2,1860.0
10218,2023-02-24 06:00:00,Pizza Palace,Mumbai,North Indian,Burger,4,100,0,43,3.2,400.0
10219,2023-02-24 12:00:00,Urban Biryani,Delhi,Chinese,Roll,1,150,10,23,2.2,135.0
10220,2023-02-24 18:00:00,Bombay Tiffin,Hyderabad,Cafe,Biryani,1,272,30,17,3.4,190.39999999999998
10221,2023-02-25 00:00:00,Bombay Tiffin,Kolkata,Italian,Roll,2,304,0,39,3.9,608.0
10222,2023-02-25 06:00:00,Urban Biryani,Delhi,Chinese,Fries,1,359,0,48,2.1,359.0
10223,2023-02-25 12:00:00,Tandoori Treats,Kolkata,Cafe,Momos,3,468,10,26,2.7,1263.6000000000001
10224,2023-02-25 18:00:00,Tandoori Treats,Delhi,Fast Food,Pizza,4,387,0,56,1.5,1548.0
10225,2023-02-26 00:00:00,Wrap Street,Chennai,Chinese,Pizza,1,133,20,23,1.7,106.4
10226,2023-02-26 06:00:00,Bombay Tiffin,Kolkata,Cafe,Burger,1,447,20,29,3.7,357.6
10227,2023-02-26 12:00:00,Pizza Palace,Hyderabad,Cafe,Pizza,2,194,30,54,1.7,271.59999999999997
10228,2023-02-26 18:00:00,Bombay Tiffin,Bangalore,Chinese,Momos,2,171,0,39,3.1,342.0
10229,2023-02-27 00:00:00,Urban Biryani,Hyderabad,Italian,Fries,3,138,10,19,3.8,372.6
10230,2023-02-27 06:00:00,Tandoori Treats,Delhi,Chinese,Roll,4,253,20,25,1.4,809.6
10231,2023-02-27 12:00:00,Urban Biryani,Mumbai,Italian,Chai,2,349,10,48,3.3,628.2
10232,2023-02-27 18:00:00,South Feast,Bangalore,Italian,Biryani,1,261,10,38,2.0,234.9
10233,2023-02-28 00:00:00,Café Chai,Bangalore,Mughlai,Momos,4,217,20,29,4.9,694.4000000000001
10234,2023-02-28 06:00:00,Café Chai,Hyderabad,Fast Food,Pizza,4,358,10,52,2.9,1288.8
10235,2023-02-28 12:00:00,Urban Biryani,Kolkata,South Indian,Roll,1,478,20,22,4.2,382.40000000000003
10236,2023-02-28 18:00:00,Urban Biryani,Pune,Cafe,Fries,2,405,10,19,3.2,729.0
10237,2023-03-01 00:00:00,South Feast,Hyderabad,South Indian,Momos,1,367,20,40,1.2,293.6
10238,2023-03-01 06:00:00,South Feast,Mumbai,North Indian,Chai,4,153,0,32,3.5,612.0
10239,2023-03-01 12:00:00,Tandoori Treats,Bangalore,South Indian,Fries,5,335,30,20,4.8,1172.5
10240,2023-03-01 18:00:00,Café Chai,Pune,Italian,Fries,5,488,20,51,3.4,1952.0
10241,2023-03-02 00:00:00,Wrap Street,Mumbai,Fast Food,Pasta,3,321,20,27,4.3,770.4000000000001
10242,2023-03-02 06:00:00,Pizza Palace,Bangalore,Fast Food,Pasta,1,350,30,42,4.5,244.99999999999997
10243,2023-03-02 12:00:00,Café Chai,Chennai,Fast Food,Fries,1,412,20,19,1.9,329.6
10244,2023-03-02 18:00:00,South Feast,Bangalore,North Indian,Pizza,3,211,20,27,1.8,506.40000000000003
10245,2023-03-03 00:00:00,Café Chai,Delhi,Mughlai,Burger,3,354,10,31,3.4,955.8000000000001
10246,2023-03-03 06:00:00,Pizza Palace,Chennai,North Indian,Fries,3,402,30,54,2.6,844.1999999999999
10247,2023-03-03 12:00:00,Urban Biryani,Hyderabad,Italian,Chai,4,306,0,59,4.4,1224.0
10248,2023-03-03 18:00:00,Pizza Palace,Pune,North Indian,Burger,1,328,20,46,4.6,262.40000000000003
10249,2023-03-04 00:00:00,Tandoori Treats,Kolkata,South Indian,Pasta,4,440,30,43,2.4,1232.0
10250,2023-03-04 06:00:00,Bombay Tiffin,Chennai,Fast Food,Pizza,3,497,10,17,1.9,1341.9
10251,2023-03-04 12:00:00,Bombay Tiffin,Mumbai,Italian,Pasta,1,165,0,54,4.1,165.0
10252,2023-03-04 18:00:00,Café Chai,Kolkata,South Indian,Pizza,4,174,30,48,2.1,487.2
10253,2023-03-05 00:00:00,Wrap Street,Delhi,Italian,Biryani,4,202,0,54,4.3,808.0
10254,2023-03-05 06:00:00,Wrap Street,Delhi,Fast Food,Pizza,3,291,0,41,2.7,873.0
10255,2023-03-05 12:00:00,Bombay Tiffin,Hyderabad,Fast Food,Biryani,1,351,0,27,3.7,351.0
10256,2023-03-05 18:00:00,South Feast,Pune,Italian,Roll,3,325,20,59,1.4,780.0
10257,2023-03-06 00:00:00,Bombay Tiffin,Chennai,Italian,Biryani,1,393,20,47,3.5,314.40000000000003
10258,2023-03-06 06:00:00,Tandoori Treats,Bangalore,South Indian,Chai,5,405,10,20,2.8,1822.5
10259,2023-03-06 12:00:00,Café Chai,Kolkata,Italian,Coffee,2,197,10,38,3.3,354.6
10260,2023-03-06 18:00:00,Café Chai,Kolkata,Italian,Momos,2,437,30,33,1.7,611.8
10261,2023-03-07 00:00:00,Bombay Tiffin,Pune,Fast Food,Pasta,2,385,10,30,3.9,693.0
10262,2023-03-07 06:00:00,Urban Biryani,Delhi,Chinese,Biryani,3,434,0,54,4.5,1302.0
10263,2023-03-07 12:00:00,Tandoori Treats,Pune,Italian,Biryani,5,446,0,42,1.9,2230.0
10264,2023-03-07 18:00:00,Pizza Palace,Kolkata,Fast Food,Roll,1,407,20,47,1.4,325.6
10265,2023-03-08 00:00:00,Wrap Street,Hyderabad,North Indian,Fries,4,348,0,55,1.1,1392.0
10266,2023-03-08 06:00:00,Wrap Street,Kolkata,Italian,Burger,1,265,30,27,3.6,185.5
10267,2023-03-08 12:00:00,Urban Biryani,Bangalore,Cafe,Momos,4,434,0,57,3.4,1736.0
10268,2023-03-08 18:00:00,Bombay Tiffin,Pune,Italian,Coffee,1,129,0,59,3.2,129.0
10269,2023-03-09 00:00:00,South Feast,Hyderabad,Fast Food,Momos,5,346,30,39,1.9,1211.0
10270,2023-03-09 06:00:00,Tandoori Treats,Pune,Cafe,Coffee,4,205,10,56,2.6,738.0
10271,2023-03-09 12:00:00,Urban Biryani,Hyderabad,South Indian,Momos,3,150,10,50,3.4,405.0
10272,2023-03-09 18:00:00,South Feast,Delhi,Fast Food,Momos,1,180,30,41,3.0,125.99999999999999
10273,2023-03-10 00:00:00,Bombay Tiffin,Chennai,Mughlai,Momos,1,232,20,52,5.0,185.60000000000002
10274,2023-03-10 06:00:00,Tandoori Treats,Pune,Italian,Chai,4,384,0,21,1.5,1536.0
10275,2023-03-10 12:00:00,Urban Biryani,Bangalore,Italian,Momos,3,487,30,19,3.8,1022.6999999999999
10276,2023-03-10 18:00:00,Café Chai,Chennai,North Indian,Pasta,3,237,0,57,2.6,711.0
10277,2023-03-11 00:00:00,Pizza Palace,Pune,Italian,Pasta,5,283,20,59,2.7,1132.0
10278,2023-03-11 06:00:00,Wrap Street,Mumbai,Mughlai,Fries,3,429,0,45,3.9,1287.0
10279,2023-03-11 12:00:00,Wrap Street,Bangalore,North Indian,Biryani,3,372,30,37,3.8,781.1999999999999
10280,2023-03-11 18:00:00,Urban Biryani,Delhi,Italian,Roll,3,439,0,56,5.0,1317.0
10281,2023-03-12 00:00:00,Pizza Palace,Chennai,Mughlai,Pizza,2,168,10,24,1.5,302.40000000000003
10282,2023-03-12 06:00:00,Urban Biryani,Kolkata,Italian,Chai,5,133,20,46,1.4,532.0
10283,2023-03-12 12:00:00,Wrap Street,Kolkata,North Indian,Roll,1,361,20,57,3.9,288.8
10284,2023-03-12 18:00:00,Bombay Tiffin,Bangalore,South Indian,Pizza,4,152,20,44,3.3,486.40000000000003
10285,2023-03-13 00:00:00,Tandoori Treats,Kolkata,North Indian,Momos,1,304,30,53,2.1,212.79999999999998
10286,2023-03-13 06:00:00,Wrap Street,Kolkata,North Indian,Biryani,5,225,20,45,1.3,900.0
10287,2023-03-13 12:00:00,Tandoori Treats,Hyderabad,South Indian,Pizza,4,334,10,32,1.3,1202.4
10288,2023-03-13 18:00:00,Pizza Palace,Pune,North Indian,Momos,5,142,30,50,4.6,496.99999999999994
10289,2023-03-14 00:00:00,Bombay Tiffin,Hyderabad,North Indian,Coffee,3,339,10,16,1.8,915.3000000000001
10290,2023-03-14 06:00:00,Bombay Tiffin,Delhi,Cafe,Momos,4,470,0,28,2.3,1880.0
10291,2023-03-14 12:00:00,Tandoori Treats,Kolkata,South Indian,Chai,3,210,0,27,1.9,630.0
10292,2023-03-14 18:00:00,Café Chai,Bangalore,South Indian,Pizza,1,348,0,43,2.4,348.0
10293,2023-03-15 00:00:00,Pizza Palace,Mumbai,Fast Food,Fries,1,250,0,26,1.3,250.0
10294,2023-03-15 06:00:00,Wrap Street,Pune,Cafe,Burger,4,282,10,53,3.1,1015.2
10295,2023-03-15 12:00:00,Bombay Tiffin,Pune,Italian,Burger,4,435,30,16,1.3,1218.0
10296,2023-03-15 18:00:00,Bombay Tiffin,Kolkata,Fast Food,Chai,5,194,30,46,4.2,679.0
10297,2023-03-16 00:00:00,Café Chai,Chennai,Chinese,Coffee,5,473,20,27,1.9,1892.0
10298,2023-03-16 06:00:00,Tandoori Treats,Delhi,South Indian,Chai,3,499,10,41,3.2,1347.3
10299,2023-03-16 12:00:00,Tandoori Treats,Mumbai,Fast Food,Burger,4,107,0,55,4.5,428.0
10300,2023-03-16 18:00:00,South Feast,Chennai,South Indian,Pasta,1,487,10,31,3.6,438.3
10301,2023-03-17 00:00:00,Tandoori Treats,Chennai,Chinese,Biryani,5,459,20,54,3.1,1836.0
10302,2023-03-17 06:00:00,Bombay Tiffin,Hyderabad,Chinese,Pizza,5,487,20,45,2.3,1948.0
10303,2023-03-17 12:00:00,South Feast,Pune,Chinese,Burger,1,283,10,48,2.3,254.70000000000002
10304,2023-03-17 18:00:00,Bombay Tiffin,Kolkata,North Indian,Burger,5,380,10,38,3.7,1710.0
10305,2023-03-18 00:00:00,Bombay Tiffin,Pune,Chinese,Chai,3,294,10,59,5.0,793.8000000000001
10306,2023-03-18 06:00:00,Wrap Street,Mumbai,Chinese,Chai,4,451,30,49,3.6,1262.8
10307,2023-03-18 12:00:00,Pizza Palace,Hyderabad,South Indian,Fries,1,294,0,20,3.2,294.0
10308,2023-03-18 18:00:00,Café Chai,Mumbai,North Indian,Roll,4,254,10,33,3.9,914.4
10309,2023-03-19 00:00:00,Pizza Palace,Bangalore,Cafe,Momos,5,192,10,44,2.9,864.0
10310,2023-03-19 06:00:00,Tandoori Treats,Pune,Chinese,Chai,5,259,10,21,1.2,1165.5
10311,2023-03-19 12:00:00,Café Chai,Chennai,Italian,Fries,1,160,20,24,3.2,128.0
10312,2023-03-19 18:00:00,Bombay Tiffin,Pune,Mughlai,Pasta,3,221,20,55,4.8,530.4
10313,2023-03-20 00:00:00,Wrap Street,Mumbai,Italian,Momos,2,150,30,46,1.7,210.0
10314,2023-03-20 06:00:00,Pizza Palace,Mumbai,North Indian,Pasta,1,376,0,48,3.8,376.0
10315,2023-03-20 12:00:00,Café Chai,Kolkata,Fast Food,Momos,2,104,30,42,1.8,145.6
10316,2023-03-20 18:00:00,Pizza Palace,Pune,Italian,Biryani,2,191,0,29,3.1,382.0
10317,2023-03-21 00:00:00,Urban Biryani,Mumbai,Fast Food,Pasta,3,269,20,44,1.4,645.6
10318,2023-03-21 06:00:00,Wrap Street,Pune,South Indian,Fries,2,416,20,51,2.8,665.6
10319,2023-03-21 12:00:00,Café Chai,Kolkata,Fast Food,Chai,2,121,20,43,4.0,193.60000000000002
10320,2023-03-21 18:00:00,Wrap Street,Mumbai,North Indian,Biryani,3,425,30,36,2.4,892.5
10321,2023-03-22 00:00:00,Bombay Tiffin,Delhi,Mughlai,Burger,2,100,10,18,3.7,180.0
10322,2023-03-22 06:00:00,South Feast,Hyderabad,Fast Food,Pizza,2,232,10,34,4.2,417.6
10323,2023-03-22 12:00:00,Wrap Street,Bangalore,Cafe,Pasta,2,332,20,46,4.7,531.2
10324,2023-03-22 18:00:00,Wrap Street,Delhi,South Indian,Pizza,1,111,10,50,1.9,99.9
10325,2023-03-23 00:00:00,Tandoori Treats,Mumbai,Fast Food,Pasta,1,445,10,18,2.6,400.5
10326,2023-03-23 06:00:00,Café Chai,Hyderabad,North Indian,Pizza,1,145,30,41,1.6,101.5
10327,2023-03-23 12:00:00,Urban Biryani,Kolkata,Cafe,Coffee,3,133,0,31,5.0,399.0
10328,2023-03-23 18:00:00,Tandoori Treats,Bangalore,South Indian,Pasta,5,177,20,26,4.7,708.0
10329,2023-03-24 00:00:00,Café Chai,Pune,North Indian,Pasta,2,317,20,36,3.2,507.20000000000005
10330,2023-03-24 06:00:00,Urban Biryani,Bangalore,South Indian,Momos,2,400,30,31,4.4,560.0
10331,2023-03-24 12:00:00,Bombay Tiffin,Chennai,Italian,Fries,3,172,30,24,3.1,361.2
10332,2023-03-24 18:00:00,Urban Biryani,Kolkata,Mughlai,Chai,2,381,10,15,3.5,685.8000000000001
10333,2023-03-25 00:00:00,Pizza Palace,Hyderabad,South Indian,Biryani,1,348,20,36,1.4,278.40000000000003
10334,2023-03-25 06:00:00,Pizza Palace,Bangalore,Chinese,Biryani,5,146,0,40,4.0,730.0
10335,2023-03-25 12:00:00,South Feast,Mumbai,Chinese,Coffee,4,220,30,32,1.5,616.0
10336,2023-03-25 18:00:00,Wrap Street,Mumbai,North Indian,Pasta,2,313,0,28,4.3,626.0
10337,2023-03-26 00:00:00,South Feast,Kolkata,Fast Food,Burger,1,338,0,43,4.1,338.0
10338,2023-03-26 06:00:00,South Feast,Chennai,Chinese,Coffee,4,155,20,26,3.8,496.0
10339,2023-03-26 12:00:00,Tandoori Treats,Chennai,North Indian,Chai,5,449,20,50,1.1,1796.0
10340,2023-03-26 18:00:00,Urban Biryani,Delhi,Mughlai,Momos,4,206,30,49,2.2,576.8
10341,2023-03-27 00:00:00,Urban Biryani,Kolkata,Chinese,Coffee,1,418,20,26,2.1,334.40000000000003
10342,2023-03-27 06:00:00,Café Chai,Hyderabad,Fast Food,Burger,4,147,20,21,2.4,470.40000000000003
10343,2023-03-27 12:00:00,Pizza Palace,Kolkata,Italian,Biryani,3,160,20,43,1.4,384.0
10344,2023-03-27 18:00:00,Urban Biryani,Mumbai,South Indian,Pasta,4,436,0,25,4.7,1744.0
10345,2023-03-28 00:00:00,Tandoori Treats,Mumbai,South Indian,Fries,2,125,30,47,3.2,175.0
10346,2023-03-28 06:00:00,Pizza Palace,Delhi,Mughlai,Chai,2,391,10,20,2.2,703.8000000000001
10347,2023-03-28 12:00:00,Urban Biryani,Pune,Cafe,Pizza,3,356,0,29,2.6,1068.0
10348,2023-03-28 18:00:00,Pizza Palace,Kolkata,Cafe,Coffee,1,107,20,46,2.8,85.60000000000001
10349,2023-03-29 00:00:00,Tandoori Treats,Mumbai,South Indian,Pasta,2,212,0,25,3.4,424.0
10350,2023-03-29 06:00:00,Urban Biryani,Hyderabad,Cafe,Pizza,5,454,20,37,3.1,1816.0
10351,2023-03-29 12:00:00,Bombay Tiffin,Pune,Cafe,Chai,2,352,20,40,4.7,563.2
10352,2023-03-29 18:00:00,Urban Biryani,Pune,Cafe,Roll,2,279,0,48,3.0,558.0
10353,2023-03-30 00:00:00,Pizza Palace,Mumbai,Mughlai,Pasta,1,306,30,48,5.0,214.2
10354,2023-03-30 06:00:00,Urban Biryani,Mumbai,Cafe,Pizza,4,402,20,43,4.4,1286.4
10355,2023-03-30 12:00:00,Bombay Tiffin,Delhi,Italian,Fries,2,226,30,18,1.8,316.4
10356,2023-03-30 18:00:00,Bombay Tiffin,Bangalore,Fast Food,Pasta,3,155,10,31,4.7,418.5
10357,2023-03-31 00:00:00,South Feast,Delhi,North Indian,Roll,4,313,20,49,1.5,1001.6
10358,2023-03-31 06:00:00,Tandoori Treats,Chennai,South Indian,Pizza,5,113,30,27,4.3,395.5
10359,2023-03-31 12:00:00,Bombay Tiffin,Mumbai,Mughlai,Roll,1,127,30,55,2.5,88.89999999999999
10360,2023-03-31 18:00:00,Pizza Palace,Bangalore,Cafe,Pizza,5,177,10,53,4.5,796.5
10361,2023-04-01 00:00:00,Wrap Street,Delhi,Italian,Momos,4,315,30,29,4.5,882.0
10362,2023-04-01 06:00:00,Tandoori Treats,Bangalore,South Indian,Biryani,4,485,30,43,4.2,1358.0
10363,2023-04-01 12:00:00,Wrap Street,Bangalore,South Indian,Roll,4,464,10,43,4.2,1670.4
10364,2023-04-01 18:00:00,Bombay Tiffin,Mumbai,South Indian,Pasta,5,253,20,25,2.2,1012.0
10365,2023-04-02 00:00:00,Urban Biryani,Delhi,North Indian,Momos,4,113,30,46,1.3,316.4
10366,2023-04-02 06:00:00,Urban Biryani,Delhi,South Indian,Burger,5,286,30,16,2.6,1000.9999999999999
10367,2023-04-02 12:00:00,Café Chai,Delhi,North Indian,Momos,4,411,30,28,1.7,1150.8
10368,2023-04-02 18:00:00,Wrap Street,Pune,South Indian,Biryani,3,470,0,34,3.8,1410.0
10369,2023-04-03 00:00:00,Wrap Street,Pune,Italian,Pasta,4,106,10,36,2.4,381.6
10370,2023-04-03 06:00:00,Wrap Street,Hyderabad,Mughlai,Pizza,5,102,0,25,4.9,510.0
10371,2023-04-03 12:00:00,Café Chai,Delhi,Cafe,Coffee,2,210,10,41,3.6,378.0
10372,2023-04-03 18:00:00,South Feast,Kolkata,Fast Food,Biryani,4,337,20,17,4.3,1078.4
10373,2023-04-04 00:00:00,Urban Biryani,Pune,South Indian,Fries,2,462,20,31,1.5,739.2
10374,2023-04-04 06:00:00,South Feast,Pune,Italian,Biryani,3,338,30,58,4.4,709.8
10375,2023-04-04 12:00:00,Tandoori Treats,Pune,Mughlai,Pizza,1,373,10,42,4.7,335.7
10376,2023-04-04 18:00:00,South Feast,Kolkata,Fast Food,Biryani,3,393,20,43,2.9,943.2
10377,2023-04-05 00:00:00,Pizza Palace,Chennai,Italian,Burger,4,326,10,35,3.4,1173.6000000000001
10378,2023-04-05 06:00:00,Urban Biryani,Hyderabad,South Indian,Biryani,2,470,20,30,4.1,752.0
10379,2023-04-05 12:00:00,Urban Biryani,Chennai,Fast Food,Chai,2,114,0,51,1.7,228.0
10380,2023-04-05 18:00:00,Bombay Tiffin,Bangalore,North Indian,Coffee,5,291,20,34,3.0,1164.0
10381,2023-04-06 00:00:00,South Feast,Mumbai,Chinese,Momos,2,218,0,20,2.6,436.0
10382,2023-04-06 06:00:00,Bombay Tiffin,Delhi,Chinese,Biryani,5,127,20,33,1.6,508.0
10383,2023-04-06 12:00:00,Café Chai,Hyderabad,North Indian,Fries,1,301,30,19,2.5,210.7
10384,2023-04-06 18:00:00,Urban Biryani,Pune,Cafe,Pizza,4,138,0,17,1.3,552.0
10385,2023-04-07 00:00:00,Urban Biryani,Bangalore,Chinese,Roll,5,372,20,15,1.1,1488.0
10386,2023-04-07 06:00:00,Café Chai,Delhi,Cafe,Pasta,1,330,30,52,1.5,230.99999999999997
10387,2023-04-07 12:00:00,Tandoori Treats,Chennai,Mughlai,Roll,2,185,0,29,4.9,370.0
10388,2023-04-07 18:00:00,Café Chai,Pune,Mughlai,Chai,2,225,30,48,3.2,315.0
10389,2023-04-08 00:00:00,South Feast,Kolkata,Cafe,Roll,1,399,10,49,4.9,359.1
10390,2023-04-08 06:00:00,Pizza Palace,Hyderabad,North Indian,Fries,2,124,10,39,2.7,223.20000000000002
10391,2023-04-08 12:00:00,Bombay Tiffin,Bangalore,Fast Food,Burger,1,244,0,38,2.2,244.0
10392,2023-04-08 18:00:00,Café Chai,Mumbai,Cafe,Chai,5,112,20,26,3.0,448.0
10393,2023-04-09 00:00:00,Wrap Street,Mumbai,Mughlai,Biryani,5,311,0,32,2.8,1555.0
10394,2023-04-09 06:00:00,Urban Biryani,Delhi,Chinese,Pizza,1,124,30,29,1.4,86.8
10395,2023-04-09 12:00:00,Pizza Palace,Delhi,Italian,Roll,5,167,20,58,3.6,668.0
10396,2023-04-09 18:00:00,Urban Biryani,Delhi,Chinese,Fries,5,493,10,30,1.9,2218.5
10397,2023-04-10 00:00:00,Wrap Street,Hyderabad,Cafe,Pasta,5,166,20,41,3.5,664.0
10398,2023-04-10 06:00:00,Pizza Palace,Bangalore,North Indian,Chai,3,332,10,22,3.6,896.4
10399,2023-04-10 12:00:00,Urban Biryani,Bangalore,South Indian,Burger,4,208,20,39,1.6,665.6
10400,2023-04-10 18:00:00,Wrap Street,Mumbai,North Indian,Pasta,2,245,20,31,1.2,392.0
10401,2023-04-11 00:00:00,Bombay Tiffin,Hyderabad,Chinese,Momos,3,210,20,43,4.1,504.0
10402,2023-04-11 06:00:00,Wrap Street,Kolkata,Italian,Coffee,5,327,30,22,2.8,1144.5
10403,2023-04-11 12:00:00,Urban Biryani,Pune,Fast Food,Burger,1,210,30,29,1.2,147.0
10404,2023-04-11 18:00:00,Pizza Palace,Kolkata,Fast Food,Momos,5,133,0,41,5.0,665.0
10405,2023-04-12 00:00:00,Pizza Palace,Mumbai,Cafe,Roll,4,210,0,21,1.2,840.0
10406,2023-04-12 06:00:00,Café Chai,Mumbai,South Indian,Pizza,5,363,10,17,3.8,1633.5
10407,2023-04-12 12:00:00,South Feast,Pune,South Indian,Roll,1,468,30,43,4.9,327.59999999999997
10408,2023-04-12 18:00:00,Urban Biryani,Chennai,Fast Food,Burger,4,335,10,58,2.0,1206.0
10409,2023-04-13 00:00:00,Bombay Tiffin,Chennai,Chinese,Pasta,5,182,0,38,1.6,910.0
10410,2023-04-13 06:00:00,Urban Biryani,Hyderabad,Italian,Fries,4,141,10,17,1.5,507.6
10411,2023-04-13 12:00:00,South Feast,Delhi,Chinese,Fries,2,200,0,34,2.2,400.0
10412,2023-04-13 18:00:00,Urban Biryani,Chennai,Mughlai,Roll,2,105,30,29,1.4,147.0
10413,2023-04-14 00:00:00,Wrap Street,Chennai,Italian,Fries,5,279,20,39,3.8,1116.0
10414,2023-04-14 06:00:00,Pizza Palace,Hyderabad,South Indian,Momos,4,381,30,44,1.2,1066.8
10415,2023-04-14 12:00:00,Urban Biryani,Delhi,Chinese,Burger,1,419,10,28,3.0,377.1
10416,2023-04-14 18:00:00,South Feast,Pune,Mughlai,Pizza,5,325,10,21,5.0,1462.5
10417,2023-04-15 00:00:00,Bombay Tiffin,Pune,Mughlai,Biryani,2,414,30,31,4.3,579.5999999999999
10418,2023-04-15 06:00:00,South Feast,Delhi,Fast Food,Momos,2,464,30,58,3.5,649.5999999999999
10419,2023-04-15 12:00:00,Wrap Street,Mumbai,Mughlai,Coffee,5,328,0,34,2.2,1640.0
10420,2023-04-15 18:00:00,Pizza Palace,Bangalore,Chinese,Coffee,4,476,10,50,3.5,1713.6000000000001
10421,2023-04-16 00:00:00,Tandoori Treats,Mumbai,Cafe,Biryani,2,388,10,23,3.1,698.4
10422,2023-04-16 06:00:00,Pizza Palace,Hyderabad,South Indian,Pasta,4,249,30,52,2.7,697.1999999999999
10423,2023-04-16 12:00:00,Pizza Palace,Kolkata,Chinese,Pizza,2,376,20,36,1.5,601.6
10424,2023-04-16 18:00:00,Tandoori Treats,Bangalore,South Indian,Biryani,2,297,10,16,4.5,534.6
10425,2023-04-17 00:00:00,Pizza Palace,Pune,Chinese,Biryani,3,169,20,38,2.8,405.6
10426,2023-04-17 06:00:00,Wrap Street,Hyderabad,North Indian,Biryani,2,211,30,22,1.8,295.4
10427,2023-04-17 12:00:00,South Feast,Chennai,Chinese,Chai,1,103,30,25,2.5,72.1
10428,2023-04-17 18:00:00,Bombay Tiffin,Bangalore,North Indian,Burger,5,449,0,27,2.7,2245.0
10429,2023-04-18 00:00:00,Pizza Palace,Chennai,North Indian,Coffee,5,430,10,31,4.3,1935.0
10430,2023-04-18 06:00:00,Café Chai,Pune,North Indian,Burger,4,417,20,22,3.9,1334.4
10431,2023-04-18 12:00:00,Tandoori Treats,Kolkata,Fast Food,Momos,2,449,0,35,4.1,898.0
10432,2023-04-18 18:00:00,Urban Biryani,Kolkata,South Indian,Chai,1,194,10,32,1.0,174.6
10433,2023-04-19 00:00:00,Urban Biryani,Chennai,Cafe,Pasta,4,251,0,44,2.7,1004.0
10434,2023-04-19 06:00:00,Café Chai,Chennai,Cafe,Fries,3,410,30,32,2.9,861.0
10435,2023-04-19 12:00:00,Tandoori Treats,Chennai,Italian,Chai,4,236,10,45,1.1,849.6
10436,2023-04-19 18:00:00,South Feast,Delhi,Chinese,Pasta,4,346,0,52,2.0,1384.0
10437,2023-04-20 00:00:00,Tandoori Treats,Pune,Fast Food,Roll,2,486,0,46,4.0,972.0
10438,2023-04-20 06:00:00,Urban Biryani,Mumbai,Fast Food,Pasta,3,342,20,25,1.5,820.8000000000001
10439,2023-04-20 12:00:00,Tandoori Treats,Kolkata,Chinese,Momos,4,130,0,59,3.1,520.0
10440,2023-04-20 18:00:00,Bombay Tiffin,Delhi,Italian,Biryani,1,139,10,39,1.9,125.10000000000001
10441,2023-04-21 00:00:00,South Feast,Bangalore,South Indian,Biryani,1,328,10,47,1.0,295.2
10442,2023-04-21 06:00:00,Wrap Street,Bangalore,Fast Food,Roll,5,135,20,52,2.0,540.0
10443,2023-04-21 12:00:00,South Feast,Chennai,North Indian,Biryani,3,322,10,55,4.9,869.4
10444,2023-04-21 18:00:00,Bombay Tiffin,Pune,Fast Food,Pasta,3,105,30,22,4.2,220.5
10445,2023-04-22 00:00:00,Tandoori Treats,Bangalore,Chinese,Coffee,5,421,10,25,4.8,1894.5
10446,2023-04-22 06:00:00,Bombay Tiffin,Hyderabad,Chinese,Burger,4,319,10,36,3.0,1148.4
10447,2023-04-22 12:00:00,Café Chai,Chennai,Italian,Roll,3,174,0,38,1.4,522.0
10448,2023-04-22 18:00:00,Urban Biryani,Bangalore,Italian,Pizza,1,103,0,55,3.2,103.0
10449,2023-04-23 00:00:00,Tandoori Treats,Pune,Chinese,Momos,1,434,10,31,2.8,390.6
10450,2023-04-23 06:00:00,Tandoori Treats,Bangalore,South Indian,Momos,2,233,20,26,4.4,372.8
10451,2023-04-23 12:00:00,Café Chai,Hyderabad,North Indian,Coffee,3,217,0,46,1.4,651.0
10452,2023-04-23 18:00:00,Pizza Palace,Mumbai,Mughlai,Pasta,4,468,20,29,3.0,1497.6000000000001
10453,2023-04-24 00:00:00,Café Chai,Mumbai,Chinese,Roll,5,193,10,30,1.6,868.5
10454,2023-04-24 06:00:00,Tandoori Treats,Mumbai,Fast Food,Coffee,5,161,10,36,2.3,724.5
10455,2023-04-24 12:00:00,Café Chai,Delhi,Cafe,Coffee,4,293,30,42,3.9,820.4
10456,2023-04-24 18:00:00,Bombay Tiffin,Chennai,Chinese,Chai,2,434,0,34,2.9,868.0
10457,2023-04-25 00:00:00,South Feast,Mumbai,Cafe,Coffee,5,302,10,47,2.5,1359.0
10458,2023-04-25 06:00:00,Bombay Tiffin,Bangalore,Chinese,Momos,3,491,30,24,2.6,1031.1
10459,2023-04-25 12:00:00,Tandoori Treats,Bangalore,North Indian,Chai,2,125,0,54,2.8,250.0
10460,2023-04-25 18:00:00,Wrap Street,Pune,North Indian,Momos,3,272,10,46,4.1,734.4
10461,2023-04-26 00:00:00,Bombay Tiffin,Mumbai,Italian,Coffee,1,399,10,47,4.6,359.1
10462,2023-04-26 06:00:00,Tandoori Treats,Bangalore,Mughlai,Roll,2,232,0,16,4.8,464.0
10463,2023-04-26 12:00:00,Wrap Street,Mumbai,South Indian,Pizza,5,425,0,47,4.1,2125.0
10464,2023-04-26 18:00:00,Wrap Street,Kolkata,Mughlai,Roll,2,217,0,47,2.3,434.0
10465,2023-04-27 00:00:00,South Feast,Mumbai,South Indian,Roll,2,423,10,55,3.8,761.4
10466,2023-04-27 06:00:00,Tandoori Treats,Chennai,Mughlai,Burger,2,374,10,27,2.8,673.2
10467,2023-04-27 12:00:00,Bombay Tiffin,Pune,Fast Food,Biryani,2,311,30,44,2.0,435.4
10468,2023-04-27 18:00:00,Wrap Street,Kolkata,Mughlai,Pasta,3,324,20,47,4.4,777.6
10469,2023-04-28 00:00:00,Urban Biryani,Pune,North Indian,Burger,1,119,0,27,1.2,119.0
10470,2023-04-28 06:00:00,Pizza Palace,Mumbai,Mughlai,Burger,4,212,10,40,4.6,763.2
10471,2023-04-28 12:00:00,Pizza Palace,Mumbai,Mughlai,Pasta,2,239,10,36,2.8,430.2
10472,2023-04-28 18:00:00,Wrap Street,Kolkata,Chinese,Roll,5,146,0,53,3.5,730.0
10473,2023-04-29 00:00:00,Urban Biryani,Delhi,Fast Food,Coffee,2,100,20,16,3.6,160.0
10474,2023-04-29 06:00:00,Urban Biryani,Chennai,Cafe,Coffee,5,189,0,52,4.6,945.0
10475,2023-04-29 12:00:00,Tandoori Treats,Mumbai,Italian,Momos,3,241,20,53,3.5,578.4
10476,2023-04-29 18:00:00,Bombay Tiffin,Kolkata,Fast Food,Roll,5,419,10,40,3.5,1885.5
10477,2023-04-30 00:00:00,Urban Biryani,Hyderabad,Cafe,Roll,4,137,20,29,1.3,438.40000000000003
10478,2023-04-30 06:00:00,South Feast,Bangalore,Fast Food,Chai,1,392,30,48,3.1,274.4
10479,2023-04-30 12:00:00,Bombay Tiffin,Delhi,Cafe,Coffee,5,481,10,56,1.6,2164.5
10480,2023-04-30 18:00:00,Bombay Tiffin,Pune,Cafe,Roll,5,238,30,58,3.9,833.0
10481,2023-05-01 00:00:00,Pizza Palace,Kolkata,Chinese,Pasta,1,455,0,54,3.0,455.0
10482,2023-05-01 06:00:00,Café Chai,Pune,Italian,Pizza,4,432,0,25,3.7,1728.0
10483,2023-05-01 12:00:00,Tandoori Treats,Kolkata,North Indian,Fries,2,358,0,17,1.2,716.0
10484,2023-05-01 18:00:00,Bombay Tiffin,Bangalore,Fast Food,Chai,5,260,20,20,1.3,1040.0
10485,2023-05-02 00:00:00,Wrap Street,Kolkata,South Indian,Pizza,1,489,10,23,3.9,440.1
10486,2023-05-02 06:00:00,South Feast,Kolkata,Fast Food,Burger,3,277,0,20,1.3,831.0
10487,2023-05-02 12:00:00,Café Chai,Pune,Cafe,Biryani,1,109,0,23,1.3,109.0
10488,2023-05-02 18:00:00,Wrap Street,Hyderabad,Chinese,Burger,3,360,10,53,1.0,972.0
10489,2023-05-03 00:00:00,Wrap Street,Pune,North Indian,Pizza,4,237,0,45,4.8,948.0
10490,2023-05-03 06:00:00,Bombay Tiffin,Bangalore,Chinese,Chai,2,271,30,46,4.0,379.4
10491,2023-05-03 12:00:00,Tandoori Treats,Bangalore,Mughlai,Burger,1,485,10,55,2.4,436.5
10492,2023-05-03 18:00:00,South Feast,Chennai,South Indian,Burger,5,112,10,26,2.2,504.0
10493,2023-05-04 00:00:00,Tandoori Treats,Pune,Chinese,Pasta,4,267,10,22,2.4,961.2
10494,2023-05-04 06:00:00,Tandoori Treats,Delhi,Cafe,Pasta,1,229,30,22,4.1,160.29999999999998
10495,2023-05-04 12:00:00,South Feast,Mumbai,Italian,Momos,5,183,10,42,3.6,823.5
10496,2023-05-04 18:00:00,Pizza Palace,Mumbai,Fast Food,Coffee,1,420,30,34,1.7,294.0
10497,2023-05-05 00:00:00,Urban Biryani,Bangalore,South Indian,Biryani,3,418,10,21,1.7,1128.6000000000001
10498,2023-05-05 06:00:00,Café Chai,Mumbai,Fast Food,Biryani,1,200,20,25,1.4,160.0
10499,2023-05-05 12:00:00,Café Chai,Bangalore,Italian,Biryani,1,428,0,34,3.6,428.0
10500,2023-05-05 18:00:00,Café Chai,Mumbai,Italian,Roll,1,372,20,30,4.1,297.6
